<?xml version="1.0" encoding="UTF-8"?>
<configurationDescriptor version="62">
  <logicalFolder name="root" displayName="root" projectFiles="true">
    <logicalFolder name="HeaderFiles"
                   displayName="Header Files"
                   projectFiles="true">
      <logicalFolder name="FreeRTOS" displayName="FreeRTOS" projectFiles="true">
        <itemPath>../../../FreeRTOS/Source/include/FreeRTOS.h</itemPath>
        <itemPath>../../../FreeRTOS/Source/include/StackMacros.h</itemPath>
        <itemPath>../../../FreeRTOS/Source/include/croutine.h</itemPath>
        <itemPath>../../../FreeRTOS/Source/include/list.h</itemPath>
        <itemPath>../../../FreeRTOS/Source/include/portable.h</itemPath>
        <itemPath>../../../FreeRTOS/Source/portable/MPLAB/PIC24_dsPIC/portmacro.h</itemPath>
        <itemPath>../../../FreeRTOS/Source/include/projdefs.h</itemPath>
        <itemPath>../../../FreeRTOS/Source/include/queue.h</itemPath>
        <itemPath>../../../FreeRTOS/Source/include/semphr.h</itemPath>
        <itemPath>../../../FreeRTOS/Source/include/task.h</itemPath>
      </logicalFolder>
      <logicalFolder name="TCPIP" displayName="TCPIP" projectFiles="true">
        <itemPath>../../../Microchip/Include/TCPIP Stack/ARP.h</itemPath>
        <itemPath>../../../Microchip/Include/TCPIP Stack/Announce.h</itemPath>
        <itemPath>../../../Microchip/Include/TCPIP Stack/DHCP.h</itemPath>
        <itemPath>../../../Microchip/Include/TCPIP Stack/ENC28J60.h</itemPath>
        <itemPath>../../../Microchip/Include/TCPIP Stack/HTTP2.h</itemPath>
        <itemPath>../../../Microchip/Include/TCPIP Stack/MPFS2.h</itemPath>
        <itemPath>../../../Microchip/Include/TCPIP Stack/NBNS.h</itemPath>
        <itemPath>../../../Microchip/Include/TCPIP Stack/Reboot.h</itemPath>
        <itemPath>../../../Microchip/Include/TCPIP Stack/StackTsk.h</itemPath>
        <itemPath>../../../Microchip/Include/TCPIP Stack/TCPIP.h</itemPath>
        <itemPath>../../../Microchip/Include/TCPIP Stack/TCPPerformanceTest.h</itemPath>
        <itemPath>../include/Tick.h</itemPath>
        <itemPath>../../../Microchip/Include/TCPIP Stack/UDP.h</itemPath>
        <itemPath>../../../Microchip/Include/TCPIP Stack/UDPPerformanceTest.h</itemPath>
        <itemPath>../../../Microchip/Include/TCPIP Stack/XEEPROM.h</itemPath>
      </logicalFolder>
      <itemPath>../include/FreeRTOSConfig.h</itemPath>
      <itemPath>../../../Microchip/Include/GenericTypeDefs.h</itemPath>
      <itemPath>../include/HTTPPrint.h</itemPath>
      <itemPath>../include/HardwareProfile.h</itemPath>
      <itemPath>../include/TCPIPConfig.h</itemPath>
      <itemPath>../include/adc.h</itemPath>
      <itemPath>../include/fixMath.h</itemPath>
      <itemPath>../include/mcp25XX640A.h</itemPath>
      <itemPath>../include/mcp4821.h</itemPath>
      <itemPath>../include/messages.h</itemPath>
      <itemPath>../include/motor.h</itemPath>
      <itemPath>../include/simplequeue.h</itemPath>
      <itemPath>../include/taskParser.h</itemPath>
      <itemPath>../include/taskPublisher.h</itemPath>
      <itemPath>../include/taskTCPIP.h</itemPath>
      <itemPath>../include/taskUART.h</itemPath>
    </logicalFolder>
    <logicalFolder name="LibraryFiles"
                   displayName="Library Files"
                   projectFiles="true">
    </logicalFolder>
    <logicalFolder name="LinkerScript"
                   displayName="Linker Files"
                   projectFiles="true">
    </logicalFolder>
    <logicalFolder name="ObjectFiles"
                   displayName="Object Files"
                   projectFiles="true">
    </logicalFolder>
    <logicalFolder name="SourceFiles"
                   displayName="Source Files"
                   projectFiles="true">
      <logicalFolder name="FreeRTOS" displayName="FreeRTOS" projectFiles="true">
        <itemPath>../../../FreeRTOS/Source/portable/MemMang/heap_3.c</itemPath>
        <itemPath>../../../FreeRTOS/Source/list.c</itemPath>
        <itemPath>../../../FreeRTOS/Source/portable/MPLAB/PIC24_dsPIC/port.c</itemPath>
        <itemPath>../../../FreeRTOS/Source/portable/MPLAB/PIC24_dsPIC/portasm_dsPIC.S</itemPath>
        <itemPath>../../../FreeRTOS/Source/queue.c</itemPath>
        <itemPath>../../../FreeRTOS/Source/tasks.c</itemPath>
      </logicalFolder>
      <logicalFolder name="TCPIP" displayName="TCPIP" projectFiles="true">
        <itemPath>../../../Microchip/TCPIP Stack/ARP.c</itemPath>
        <itemPath>../../../Microchip/TCPIP Stack/Announce.c</itemPath>
        <itemPath>../../../Microchip/TCPIP Stack/DHCP.c</itemPath>
        <itemPath>../../../Microchip/TCPIP Stack/DNS.c</itemPath>
        <itemPath>../../../Microchip/TCPIP Stack/ENC28J60.c</itemPath>
        <itemPath>../../../Microchip/TCPIP Stack/HTTP2.c</itemPath>
        <itemPath>../../../Microchip/TCPIP Stack/Helpers.c</itemPath>
        <itemPath>../../../Microchip/TCPIP Stack/ICMP.c</itemPath>
        <itemPath>../../../Microchip/TCPIP Stack/IP.c</itemPath>
        <itemPath>../../../Microchip/TCPIP Stack/MPFS2.c</itemPath>
        <itemPath>../../../Microchip/TCPIP Stack/NBNS.c</itemPath>
        <itemPath>../../../Microchip/TCPIP Stack/StackTsk.c</itemPath>
        <itemPath>../../../Microchip/TCPIP Stack/TCP.c</itemPath>
        <itemPath>../../../Microchip/TCPIP Stack/TCPPerformanceTest.c</itemPath>
        <itemPath>../source/Tick.c</itemPath>
        <itemPath>../../../Microchip/TCPIP Stack/UDP.c</itemPath>
        <itemPath>../../../Microchip/TCPIP Stack/UDPPerformanceTest.c</itemPath>
      </logicalFolder>
      <itemPath>../source/CustomHTTPApp.c</itemPath>
      <itemPath>../source/MotorWebPage.s</itemPath>
      <itemPath>../source/adc.c</itemPath>
      <itemPath>../source/main.c</itemPath>
      <itemPath>../source/mcp25XX640A.c</itemPath>
      <itemPath>../source/mcp4821.c</itemPath>
      <itemPath>../source/messages.c</itemPath>
      <itemPath>../source/motor.c</itemPath>
      <itemPath>../source/simplequeue.c</itemPath>
      <itemPath>../source/taskParser.c</itemPath>
      <itemPath>../source/taskPublisher.c</itemPath>
      <itemPath>../source/taskTCPIP.c</itemPath>
      <itemPath>../source/taskUART.c</itemPath>
    </logicalFolder>
    <logicalFolder name="ExternalFiles"
                   displayName="Important Files"
                   projectFiles="false">
      <itemPath>Makefile</itemPath>
    </logicalFolder>
  </logicalFolder>
  <projectmakefile>Makefile</projectmakefile>
  <confs>
    <conf name="default" type="2">
      <toolsSet>
        <developmentServer>localhost</developmentServer>
        <targetDevice>dsPIC33FJ128MC804</targetDevice>
        <targetHeader></targetHeader>
        <platformTool>RealICEPlatformTool</platformTool>
        <languageToolchain>C30</languageToolchain>
        <languageToolchainVersion></languageToolchainVersion>
        <platform>3</platform>
      </toolsSet>
      <compileType>
        <linkerTool>
          <linkerLibItems>
          </linkerLibItems>
        </linkerTool>
      </compileType>
      <C30>
        <property key="scalar-model" value="default"/>
        <property key="extra-include-directories"
                  value="../include;../../../Microchip/Include;../../../FreeRTOS/Source/portable/MPLAB/PIC24_dsPIC;../../../FreeRTOS/Source/include;../../../Microchip/Include/TCPIP Stack"/>
        <property key="preprocessor-macros" value="MPLAB_DSPIC_PORT;__C30__"/>
        <property key="data-model" value="large-data"/>
        <property key="enable-all-warnings" value="true"/>
        <property key="pre-instruction-scheduling" value="default"/>
        <property key="enable-short-double" value="true"/>
        <property key="enable-procedural-abstraction" value="false"/>
        <property key="optimization-level" value="1"/>
        <property key="enable-ansi-warnings" value="false"/>
        <property key="enable-fatal-warnings" value="false"/>
        <property key="post-instruction-scheduling" value="default"/>
        <property key="enable-omit-frame-pointer" value="false"/>
        <property key="enable-ansi-std" value="false"/>
        <property key="enable-unroll-loops" value="false"/>
        <property key="const-model" value="default"/>
        <property key="code-model" value="large-code"/>
        <appendMe value="-msmart-io=2"/>
      </C30>
      <C30-AS>
        <property key="omit-debug-dirs" value="false"/>
        <property key="extra-include-directories-for-assembler" value=".."/>
        <property key="preprocessor-macros" value=""/>
        <property key="list-file" value=""/>
        <property key="list-source" value="false"/>
        <property key="list-assembly" value="false"/>
        <property key="relax" value="false"/>
        <property key="extra-include-directories-for-preprocessor"
                  value="../include;../../../Microchip/Include;../../../FreeRTOS/Source/portable/MPLAB/PIC24_dsPIC;../../../FreeRTOS/Source/include;../../../Microchip/Include/TCPIP Stack"/>
        <property key="warning-level" value="emit-warnings"/>
        <property key="list-section-info" value="false"/>
        <property key="omit-forms" value="false"/>
        <property key="list-symbols" value="false"/>
        <property key="keep-locals" value="false"/>
        <property key="false-conditionals" value="false"/>
        <property key="expand-macros" value="false"/>
        <property key="assembler-symbols" value=""/>
      </C30-AS>
      <C30-LD>
        <property key="preprocessor-macros" value=""/>
        <property key="general-code-protect" value="no_code_protect"/>
        <property key="secure-write-protect" value="no_write_protect"/>
        <property key="warn-section-align" value="false"/>
        <property key="heap-size" value="8092"/>
        <property key="stack-size" value="4096"/>
        <property key="linker-symbols" value=""/>
        <property key="trace-symbols" value=""/>
        <property key="map-file" value="&quot;$(BINDIR_)$(TARGETBASE).map&quot;"/>
        <property key="enable-pack-data" value="true"/>
        <property key="boot-eeprom" value="no_eeprom"/>
        <property key="general-write-protect" value="no_write_protect"/>
        <property key="enable-handles" value="true"/>
        <property key="enable-data-init" value="true"/>
        <property key="secure-flash" value="no_flash"/>
        <property key="boot-flash" value="no_flash"/>
        <property key="boot-write-protect" value="no_write_protect"/>
        <property key="report-memory-usage" value="true"/>
        <property key="generate-cross-reference-file" value="false"/>
        <property key="input-libraries" value=""/>
        <property key="secure-ram" value="no_ram"/>
        <property key="enable-check-sections" value="false"/>
        <property key="enable-default-isr" value="true"/>
        <property key="symbol-stripping" value="keep-all"/>
        <property key="boot-ram" value="no_ram"/>
        <property key="secure-eeprom" value="no_eeprom"/>
        <property key="extra-lib-directories" value=".."/>
      </C30-LD>
      <C30Global>
        <property key="fast-math" value="false"/>
        <property key="legacy-libc" value="false"/>
      </C30Global>
      <RealICEPlatformTool>
        <property key="UART 2" value="true"/>
        <property key="tracecontrol.tracebufmax" value="54600"/>
        <property key="UART 1" value="true"/>
        <property key="programoptions.preserveprogramrange" value="false"/>
        <property key="programoptions.eraseb4program" value="true"/>
        <property key="memories.id" value="true"/>
        <property key="ToolFirmwareFilePath" value=""/>
        <property key="memories.eeprom" value="false"/>
        <property key="SecureSegment.SegmentProgramming" value="FullChipProgramming"/>
        <property key="tracecontrol.portselect" value="0"/>
        <property key="DUAL COMPARATOR" value="true"/>
        <property key="programoptions.usehighvoltageonmclr" value="false"/>
        <property key="INPUT CAPTURE 8" value="true"/>
        <property key="tracecontrol.tracefile" value="C:\Users\Devin\mpdeftrace.log"/>
        <property key="INPUT CAPTURE 7" value="true"/>
        <property key="INPUT CAPTURE 2" value="true"/>
        <property key="INPUT CAPTURE 1" value="true"/>
        <property key="programoptions.preserveeeprom" value="false"/>
        <property key="ADC 1" value="true"/>
        <property key="OUTPUT COMPARE 8" value="true"/>
        <property key="debugoptions.useswbreakpoints" value="true"/>
        <property key="hwtoolclock.frcindebug" value="false"/>
        <property key="REAL TIME CLOCK AND CALENDAR" value="true"/>
        <property key="memories.programmemory" value="true"/>
        <property key="OUTPUT COMPARE 3" value="true"/>
        <property key="PARALLEL MASTER/SLAVE PORT" value="true"/>
        <property key="OUTPUT COMPARE 2" value="true"/>
        <property key="OUTPUT COMPARE 1" value="true"/>
        <property key="memories.programmemory.start" value="0x0"/>
        <property key="programoptions.preserveprogramrange.start" value="0x0"/>
        <property key="tracecontrol.select" value="0"/>
        <property key="AutoSelectMemRanges" value="auto"/>
        <property key="tracecontrol.disablemacros" value="false"/>
        <property key="memories.programmemory.end" value="0x157ff"/>
        <property key="TIMER5" value="true"/>
        <property key="TIMER4" value="true"/>
        <property key="TIMER3" value="true"/>
        <property key="SPI 2" value="true"/>
        <property key="tracecontrol.spiselect" value="0"/>
        <property key="TIMER2" value="true"/>
        <property key="SPI 1" value="true"/>
        <property key="TIMER1" value="true"/>
        <property key="hwtoolclock.instructionspeed" value=""/>
        <property key="tracecontrol.tracefilemax" value="54600"/>
        <property key="CRC" value="true"/>
        <property key="memories.aux" value="false"/>
        <property key="I2C1" value="true"/>
        <property key="hwtoolclock.units" value="mips"/>
        <property key="tracecontrol.medium" value="0"/>
        <property key="Freeze All Other Peripherals" value="true"/>
        <property key="programoptions.preserveprogramrange.end" value="0xff"/>
      </RealICEPlatformTool>
    </conf>
  </confs>
</configurationDescriptor>
